Name,Company Number,Status,Employees,Address
BRANDON TANDOORI LTD,9266789,Active,124,43 Clarence Road Manor Park London E125BB
BRANDONE MACHINE TOOL LIMITED,574777,Active,83,Unit A24 The Big Yellow 1000 North Circular Road London NW27JP
BRANDONMAX LIMITED,9048443,Active,102,35 Firs Avenue London United Kingdom N113NE
BRANDONSCOTE LIMITED,8401668,Active,39,44 Eastbury Avenue Enfield Middlesex EN13Nl
BRANDONSTEAD LIMITED,1433832,Active,89,Bridge House London Bridge London SE19QR
BRANDOO LTD,7910471,Active,90,27 Drysdale Street London N16ND
BRANDOPUS HOLDINGS LIMITED,8218145,Active,170,Devonshire House 60 Goswell Road London EC1M7AD
BRANDOPUS LLP,OC324120,Active,81,Devonshire House 60 Goswell Road London EC1M7AD
BRANDORA LIMITED,7957863,Active,106,Progress House 404 Brighton Road South Croydon Surrey CR26AN
BRANDOUTLET LIMITED,5295942,Active,43,"4th Floor, Suite 2 B Congress House Lyon Road Harrow Middlesex HA12EN"
BRANDOW LTD,9213379,Active,42,277-279 Chiswick High Road London England W44PU
BRANDPIPE LTD,8388816,Active,169,Dukes Court 32 Duke Street London SW1Y6DF
BRANDPLACE LIMITED,8516394,Active,105,34 Harrowes Meade Edgware Middlesex HA88RP
BRANDPOINT DESIGN LIMITED,9007863,Active,25,C/O Montgomery Swann Ltd Scotts Sufferance Wharf 1 Mill Street London SE12DE
BRANDPOOL LIMITED,5022785,Active,27,97 Charlotte Street London England W1T4QA
BRANDPROX LIMITED,9047915,Active,146,43 Grange Street Bridport Place London England N15JN
BRANDPUBLISHER LIMITED,7692579,Active,14,C/O Keith Reynolds Associates 135 Bermondsey Street London SE13UW
BRANDRAM MEWS MANAGEMENT LIMITED,3464293,Active,85,195 Petersham Road Richmond Surrey TW107AW
BRANDRAMS HOUSING CO-OPERATIVE LIMITED,IP22481R,Active,193,Brandrams Wharf 127-131 Rotherhithe Street London SE164NF
BRANDRAPPORT LIMITED,1828734,Active,120,Greencoat House Francis Street London SW1P1DH
BRANDREHAB LIMITED,7109304,Active,122,33 Great Pulteney Street London W1F9NP
BRANDREST PROPERTIES LIMITED,2263287,Active,27,51 Queen Anne Street London W1M9FA
BRANDRETH ENTERPRISES LTD,6706551,Active,30,49B Fonthill Road London N43HZ
BRANDRISKS GROUP LIMITED,5556411,Active,17,Esca House 34 Palace Court London W24HY
BRANDRISKS LIMITED,5452059,Active,120,Esca House 34 Palace Court London W24HY
BRANDS APPLIED LIMITED,5463930,Active,135,"Suite 3, 1st Floor Stanmore House, 15-19 Church Road Stanmore Middlesex HA74AR"
BRANDS AT WORK LTD,7313707,Active,101,145-157 St John Street London EC1V4PY
BRANDS BANDS AND FANS LIMITED,6981123,Liquidation,147,Acre House 11-15 William Road London England NW13ER
BRANDS BEYOND LTD,9367512,Active,106,"Golden House, 30 Pulteney Street 5th Floor London England W1F9NN"
BRANDS BOUTIQUE LTD,8344313,Active,119,277-279 Chiswick High Road London W44PU